code,parent,urn,name#es,name#en,name#ca,name#eu,name#gl,description#es,description#en,description#ca,description#eu,description#gl
_T,,urn:sdmx:org.sdmx.infomodel.codelist.Code=ISTAC:CL_RUCT_UNIVERSIDADES(01.000)._T,Todas las universidades,,,,,,,,,
UNIVERSIDADES_PUBLICAS,,urn:sdmx:org.sdmx.infomodel.codelist.Code=ISTAC:CL_RUCT_UNIVERSIDADES(01.000).UNIVERSIDADES_PUBLICAS,Universidades Públicas,,,,,,,,,
UNIVERSIDADES_PUBLICAS_PRESENCIALES,urn:sdmx:org.sdmx.infomodel.codelist.Code=ISTAC:CL_RUCT_UNIVERSIDADES(01.000).UNIVERSIDADES_PUBLICAS,urn:sdmx:org.sdmx.infomodel.codelist.Code=ISTAC:CL_RUCT_UNIVERSIDADES(01.000).UNIVERSIDADES_PUBLICAS_PRESENCIALES,Universidades Públicas Presenciales,,,,,,,,,
001,urn:sdmx:org.sdmx.infomodel.codelist.Code=ISTAC:CL_RUCT_UNIVERSIDADES(01.000).UNIVERSIDADES_PUBLICAS_PRESENCIALES,urn:sdmx:org.sdmx.infomodel.codelist.Code=ISTAC:CL_RUCT_UNIVERSIDADES(01.000).001,Universidad de Alicante,,,,,,,,,
002,urn:sdmx:org.sdmx.infomodel.codelist.Code=ISTAC:CL_RUCT_UNIVERSIDADES(01.000).UNIVERSIDADES_PUBLICAS_PRESENCIALES,urn:sdmx:org.sdmx.infomodel.codelist.Code=ISTAC:CL_RUCT_UNIVERSIDADES(01.000).002,Universidad de Extremadura,,,,,,,,,
003,urn:sdmx:org.sdmx.infomodel.codelist.Code=ISTAC:CL_RUCT_UNIVERSIDADES(01.000).UNIVERSIDADES_PUBLICAS_PRESENCIALES,urn:sdmx:org.sdmx.infomodel.codelist.Code=ISTAC:CL_RUCT_UNIVERSIDADES(01.000).003,Universidad de las Illes Balears,,,,,,,,,
004,urn:sdmx:org.sdmx.infomodel.codelist.Code=ISTAC:CL_RUCT_UNIVERSIDADES(01.000).UNIVERSIDADES_PUBLICAS_PRESENCIALES,urn:sdmx:org.sdmx.infomodel.codelist.Code=ISTAC:CL_RUCT_UNIVERSIDADES(01.000).004,Universidad de Barcelona,,,,,,,,,
005,urn:sdmx:org.sdmx.infomodel.codelist.Code=ISTAC:CL_RUCT_UNIVERSIDADES(01.000).UNIVERSIDADES_PUBLICAS_PRESENCIALES,urn:sdmx:org.sdmx.infomodel.codelist.Code=ISTAC:CL_RUCT_UNIVERSIDADES(01.000).005,Universidad de Cádiz,,,,,,,,,
006,urn:sdmx:org.sdmx.infomodel.codelist.Code=ISTAC:CL_RUCT_UNIVERSIDADES(01.000).UNIVERSIDADES_PUBLICAS_PRESENCIALES,urn:sdmx:org.sdmx.infomodel.codelist.Code=ISTAC:CL_RUCT_UNIVERSIDADES(01.000).006,Universidad de Córdoba,,,,,,,,,
007,urn:sdmx:org.sdmx.infomodel.codelist.Code=ISTAC:CL_RUCT_UNIVERSIDADES(01.000).UNIVERSIDADES_PUBLICAS_PRESENCIALES,urn:sdmx:org.sdmx.infomodel.codelist.Code=ISTAC:CL_RUCT_UNIVERSIDADES(01.000).007,Universidad de Santiago de Compostela,,,,,,,,,
008,urn:sdmx:org.sdmx.infomodel.codelist.Code=ISTAC:CL_RUCT_UNIVERSIDADES(01.000).UNIVERSIDADES_PUBLICAS_PRESENCIALES,urn:sdmx:org.sdmx.infomodel.codelist.Code=ISTAC:CL_RUCT_UNIVERSIDADES(01.000).008,Universidad de Granada,,,,,,,,,
009,urn:sdmx:org.sdmx.infomodel.codelist.Code=ISTAC:CL_RUCT_UNIVERSIDADES(01.000).UNIVERSIDADES_PUBLICAS_PRESENCIALES,urn:sdmx:org.sdmx.infomodel.codelist.Code=ISTAC:CL_RUCT_UNIVERSIDADES(01.000).009,Universidad de León,,,,,,,,,
010,urn:sdmx:org.sdmx.infomodel.codelist.Code=ISTAC:CL_RUCT_UNIVERSIDADES(01.000).UNIVERSIDADES_PUBLICAS_PRESENCIALES,urn:sdmx:org.sdmx.infomodel.codelist.Code=ISTAC:CL_RUCT_UNIVERSIDADES(01.000).010,Universidad Complutense de Madrid,,,,,,,,,
011,urn:sdmx:org.sdmx.infomodel.codelist.Code=ISTAC:CL_RUCT_UNIVERSIDADES(01.000).UNIVERSIDADES_PUBLICAS_PRESENCIALES,urn:sdmx:org.sdmx.infomodel.codelist.Code=ISTAC:CL_RUCT_UNIVERSIDADES(01.000).011,Universidad de Málaga,,,,,,,,,
012,urn:sdmx:org.sdmx.infomodel.codelist.Code=ISTAC:CL_RUCT_UNIVERSIDADES(01.000).UNIVERSIDADES_PUBLICAS_PRESENCIALES,urn:sdmx:org.sdmx.infomodel.codelist.Code=ISTAC:CL_RUCT_UNIVERSIDADES(01.000).012,Universidad de Murcia,,,,,,,,,
013,urn:sdmx:org.sdmx.infomodel.codelist.Code=ISTAC:CL_RUCT_UNIVERSIDADES(01.000).UNIVERSIDADES_PUBLICAS_PRESENCIALES,urn:sdmx:org.sdmx.infomodel.codelist.Code=ISTAC:CL_RUCT_UNIVERSIDADES(01.000).013,Universidad de Oviedo,,,,,,,,,
014,urn:sdmx:org.sdmx.infomodel.codelist.Code=ISTAC:CL_RUCT_UNIVERSIDADES(01.000).UNIVERSIDADES_PUBLICAS_PRESENCIALES,urn:sdmx:org.sdmx.infomodel.codelist.Code=ISTAC:CL_RUCT_UNIVERSIDADES(01.000).014,Universidad de Salamanca,,,,,,,,,
015,urn:sdmx:org.sdmx.infomodel.codelist.Code=ISTAC:CL_RUCT_UNIVERSIDADES(01.000).UNIVERSIDADES_PUBLICAS_PRESENCIALES,urn:sdmx:org.sdmx.infomodel.codelist.Code=ISTAC:CL_RUCT_UNIVERSIDADES(01.000).015,Universidad de La Laguna,,,,,,,,,
016,urn:sdmx:org.sdmx.infomodel.codelist.Code=ISTAC:CL_RUCT_UNIVERSIDADES(01.000).UNIVERSIDADES_PUBLICAS_PRESENCIALES,urn:sdmx:org.sdmx.infomodel.codelist.Code=ISTAC:CL_RUCT_UNIVERSIDADES(01.000).016,Universidad de Cantabria,,,,,,,,,
017,urn:sdmx:org.sdmx.infomodel.codelist.Code=ISTAC:CL_RUCT_UNIVERSIDADES(01.000).UNIVERSIDADES_PUBLICAS_PRESENCIALES,urn:sdmx:org.sdmx.infomodel.codelist.Code=ISTAC:CL_RUCT_UNIVERSIDADES(01.000).017,Universidad de Sevilla,,,,,,,,,
018,urn:sdmx:org.sdmx.infomodel.codelist.Code=ISTAC:CL_RUCT_UNIVERSIDADES(01.000).UNIVERSIDADES_PUBLICAS_PRESENCIALES,urn:sdmx:org.sdmx.infomodel.codelist.Code=ISTAC:CL_RUCT_UNIVERSIDADES(01.000).018,Universitat de València (Estudi General),,,,,,,,,
019,urn:sdmx:org.sdmx.infomodel.codelist.Code=ISTAC:CL_RUCT_UNIVERSIDADES(01.000).UNIVERSIDADES_PUBLICAS_PRESENCIALES,urn:sdmx:org.sdmx.infomodel.codelist.Code=ISTAC:CL_RUCT_UNIVERSIDADES(01.000).019,Universidad de Valladolid,,,,,,,,,
020,urn:sdmx:org.sdmx.infomodel.codelist.Code=ISTAC:CL_RUCT_UNIVERSIDADES(01.000).UNIVERSIDADES_PUBLICAS_PRESENCIALES,urn:sdmx:org.sdmx.infomodel.codelist.Code=ISTAC:CL_RUCT_UNIVERSIDADES(01.000).020,Universidad del País Vasco/Euskal Herriko Unibertsitatea,,,,,,,,,
021,urn:sdmx:org.sdmx.infomodel.codelist.Code=ISTAC:CL_RUCT_UNIVERSIDADES(01.000).UNIVERSIDADES_PUBLICAS_PRESENCIALES,urn:sdmx:org.sdmx.infomodel.codelist.Code=ISTAC:CL_RUCT_UNIVERSIDADES(01.000).021,Universidad de Zaragoza,,,,,,,,,
022,urn:sdmx:org.sdmx.infomodel.codelist.Code=ISTAC:CL_RUCT_UNIVERSIDADES(01.000).UNIVERSIDADES_PUBLICAS_PRESENCIALES,urn:sdmx:org.sdmx.infomodel.codelist.Code=ISTAC:CL_RUCT_UNIVERSIDADES(01.000).022,Universidad Autónoma de Barcelona,,,,,,,,,
023,urn:sdmx:org.sdmx.infomodel.codelist.Code=ISTAC:CL_RUCT_UNIVERSIDADES(01.000).UNIVERSIDADES_PUBLICAS_PRESENCIALES,urn:sdmx:org.sdmx.infomodel.codelist.Code=ISTAC:CL_RUCT_UNIVERSIDADES(01.000).023,Universidad Autónoma de Madrid,,,,,,,,,
024,urn:sdmx:org.sdmx.infomodel.codelist.Code=ISTAC:CL_RUCT_UNIVERSIDADES(01.000).UNIVERSIDADES_PUBLICAS_PRESENCIALES,urn:sdmx:org.sdmx.infomodel.codelist.Code=ISTAC:CL_RUCT_UNIVERSIDADES(01.000).024,Universidad Politécnica de Catalunya,,,,,,,,,
025,urn:sdmx:org.sdmx.infomodel.codelist.Code=ISTAC:CL_RUCT_UNIVERSIDADES(01.000).UNIVERSIDADES_PUBLICAS_PRESENCIALES,urn:sdmx:org.sdmx.infomodel.codelist.Code=ISTAC:CL_RUCT_UNIVERSIDADES(01.000).025,Universidad Politécnica de Madrid,,,,,,,,,
026,urn:sdmx:org.sdmx.infomodel.codelist.Code=ISTAC:CL_RUCT_UNIVERSIDADES(01.000).UNIVERSIDADES_PUBLICAS_PRESENCIALES,urn:sdmx:org.sdmx.infomodel.codelist.Code=ISTAC:CL_RUCT_UNIVERSIDADES(01.000).026,Universidad de Las Palmas de Gran Canaria,,,,,,,,,
027,urn:sdmx:org.sdmx.infomodel.codelist.Code=ISTAC:CL_RUCT_UNIVERSIDADES(01.000).UNIVERSIDADES_PUBLICAS_PRESENCIALES,urn:sdmx:org.sdmx.infomodel.codelist.Code=ISTAC:CL_RUCT_UNIVERSIDADES(01.000).027,Universitat Politècnica de València,,,,,,,,,
029,urn:sdmx:org.sdmx.infomodel.codelist.Code=ISTAC:CL_RUCT_UNIVERSIDADES(01.000).UNIVERSIDADES_PUBLICAS_PRESENCIALES,urn:sdmx:org.sdmx.infomodel.codelist.Code=ISTAC:CL_RUCT_UNIVERSIDADES(01.000).029,Universidad de Alcalá,,,,,,,,,
034,urn:sdmx:org.sdmx.infomodel.codelist.Code=ISTAC:CL_RUCT_UNIVERSIDADES(01.000).UNIVERSIDADES_PUBLICAS_PRESENCIALES,urn:sdmx:org.sdmx.infomodel.codelist.Code=ISTAC:CL_RUCT_UNIVERSIDADES(01.000).034,Universidad de Castilla-La Mancha,,,,,,,,,
035,urn:sdmx:org.sdmx.infomodel.codelist.Code=ISTAC:CL_RUCT_UNIVERSIDADES(01.000).UNIVERSIDADES_PUBLICAS_PRESENCIALES,urn:sdmx:org.sdmx.infomodel.codelist.Code=ISTAC:CL_RUCT_UNIVERSIDADES(01.000).035,Universidad Pública de Navarra,,,,,,,,,
036,urn:sdmx:org.sdmx.infomodel.codelist.Code=ISTAC:CL_RUCT_UNIVERSIDADES(01.000).UNIVERSIDADES_PUBLICAS_PRESENCIALES,urn:sdmx:org.sdmx.infomodel.codelist.Code=ISTAC:CL_RUCT_UNIVERSIDADES(01.000).036,Universidad Carlos III de Madrid,,,,,,,,,
037,urn:sdmx:org.sdmx.infomodel.codelist.Code=ISTAC:CL_RUCT_UNIVERSIDADES(01.000).UNIVERSIDADES_PUBLICAS_PRESENCIALES,urn:sdmx:org.sdmx.infomodel.codelist.Code=ISTAC:CL_RUCT_UNIVERSIDADES(01.000).037,Universidade de A Coruña,,,,,,,,,
038,urn:sdmx:org.sdmx.infomodel.codelist.Code=ISTAC:CL_RUCT_UNIVERSIDADES(01.000).UNIVERSIDADES_PUBLICAS_PRESENCIALES,urn:sdmx:org.sdmx.infomodel.codelist.Code=ISTAC:CL_RUCT_UNIVERSIDADES(01.000).038,Universidad de Vigo,,,,,,,,,
039,urn:sdmx:org.sdmx.infomodel.codelist.Code=ISTAC:CL_RUCT_UNIVERSIDADES(01.000).UNIVERSIDADES_PUBLICAS_PRESENCIALES,urn:sdmx:org.sdmx.infomodel.codelist.Code=ISTAC:CL_RUCT_UNIVERSIDADES(01.000).039,Universidad Pompeu Fabra,,,,,,,,,
040,urn:sdmx:org.sdmx.infomodel.codelist.Code=ISTAC:CL_RUCT_UNIVERSIDADES(01.000).UNIVERSIDADES_PUBLICAS_PRESENCIALES,urn:sdmx:org.sdmx.infomodel.codelist.Code=ISTAC:CL_RUCT_UNIVERSIDADES(01.000).040,Universidad Jaume I de Castellón,,,,,,,,,
042,urn:sdmx:org.sdmx.infomodel.codelist.Code=ISTAC:CL_RUCT_UNIVERSIDADES(01.000).UNIVERSIDADES_PUBLICAS_PRESENCIALES,urn:sdmx:org.sdmx.infomodel.codelist.Code=ISTAC:CL_RUCT_UNIVERSIDADES(01.000).042,Universidad Rovira I Virgili,,,,,,,,,
043,urn:sdmx:org.sdmx.infomodel.codelist.Code=ISTAC:CL_RUCT_UNIVERSIDADES(01.000).UNIVERSIDADES_PUBLICAS_PRESENCIALES,urn:sdmx:org.sdmx.infomodel.codelist.Code=ISTAC:CL_RUCT_UNIVERSIDADES(01.000).043,Universidad de Girona,,,,,,,,,
044,urn:sdmx:org.sdmx.infomodel.codelist.Code=ISTAC:CL_RUCT_UNIVERSIDADES(01.000).UNIVERSIDADES_PUBLICAS_PRESENCIALES,urn:sdmx:org.sdmx.infomodel.codelist.Code=ISTAC:CL_RUCT_UNIVERSIDADES(01.000).044,Universidad de Lleida,,,,,,,,,
045,urn:sdmx:org.sdmx.infomodel.codelist.Code=ISTAC:CL_RUCT_UNIVERSIDADES(01.000).UNIVERSIDADES_PUBLICAS_PRESENCIALES,urn:sdmx:org.sdmx.infomodel.codelist.Code=ISTAC:CL_RUCT_UNIVERSIDADES(01.000).045,Universidad de la Rioja,,,,,,,,,
048,urn:sdmx:org.sdmx.infomodel.codelist.Code=ISTAC:CL_RUCT_UNIVERSIDADES(01.000).UNIVERSIDADES_PUBLICAS_PRESENCIALES,urn:sdmx:org.sdmx.infomodel.codelist.Code=ISTAC:CL_RUCT_UNIVERSIDADES(01.000).048,Universidad de Almería,,,,,,,,,
049,urn:sdmx:org.sdmx.infomodel.codelist.Code=ISTAC:CL_RUCT_UNIVERSIDADES(01.000).UNIVERSIDADES_PUBLICAS_PRESENCIALES,urn:sdmx:org.sdmx.infomodel.codelist.Code=ISTAC:CL_RUCT_UNIVERSIDADES(01.000).049,Universidad de Huelva,,,,,,,,,
050,urn:sdmx:org.sdmx.infomodel.codelist.Code=ISTAC:CL_RUCT_UNIVERSIDADES(01.000).UNIVERSIDADES_PUBLICAS_PRESENCIALES,urn:sdmx:org.sdmx.infomodel.codelist.Code=ISTAC:CL_RUCT_UNIVERSIDADES(01.000).050,Universidad de Jaén,,,,,,,,,
051,urn:sdmx:org.sdmx.infomodel.codelist.Code=ISTAC:CL_RUCT_UNIVERSIDADES(01.000).UNIVERSIDADES_PUBLICAS_PRESENCIALES,urn:sdmx:org.sdmx.infomodel.codelist.Code=ISTAC:CL_RUCT_UNIVERSIDADES(01.000).051,Universidad de Burgos,,,,,,,,,
055,urn:sdmx:org.sdmx.infomodel.codelist.Code=ISTAC:CL_RUCT_UNIVERSIDADES(01.000).UNIVERSIDADES_PUBLICAS_PRESENCIALES,urn:sdmx:org.sdmx.infomodel.codelist.Code=ISTAC:CL_RUCT_UNIVERSIDADES(01.000).055,Universidad Miguel Hernández de Elche,,,,,,,,,
056,urn:sdmx:org.sdmx.infomodel.codelist.Code=ISTAC:CL_RUCT_UNIVERSIDADES(01.000).UNIVERSIDADES_PUBLICAS_PRESENCIALES,urn:sdmx:org.sdmx.infomodel.codelist.Code=ISTAC:CL_RUCT_UNIVERSIDADES(01.000).056,Universidad Rey Juan Carlos,,,,,,,,,
058,urn:sdmx:org.sdmx.infomodel.codelist.Code=ISTAC:CL_RUCT_UNIVERSIDADES(01.000).UNIVERSIDADES_PUBLICAS_PRESENCIALES,urn:sdmx:org.sdmx.infomodel.codelist.Code=ISTAC:CL_RUCT_UNIVERSIDADES(01.000).058,Universidad Pablo de Olavide,,,,,,,,,
063,urn:sdmx:org.sdmx.infomodel.codelist.Code=ISTAC:CL_RUCT_UNIVERSIDADES(01.000).UNIVERSIDADES_PUBLICAS_PRESENCIALES,urn:sdmx:org.sdmx.infomodel.codelist.Code=ISTAC:CL_RUCT_UNIVERSIDADES(01.000).063,Universidad Internacional de Andalucía,,,,,,,,,
064,urn:sdmx:org.sdmx.infomodel.codelist.Code=ISTAC:CL_RUCT_UNIVERSIDADES(01.000).UNIVERSIDADES_PUBLICAS_PRESENCIALES,urn:sdmx:org.sdmx.infomodel.codelist.Code=ISTAC:CL_RUCT_UNIVERSIDADES(01.000).064,Universidad Politécnica de Cartagena,,,,,,,,,
071,urn:sdmx:org.sdmx.infomodel.codelist.Code=ISTAC:CL_RUCT_UNIVERSIDADES(01.000).UNIVERSIDADES_PUBLICAS_PRESENCIALES,urn:sdmx:org.sdmx.infomodel.codelist.Code=ISTAC:CL_RUCT_UNIVERSIDADES(01.000).071,Universidad Internacional Menéndez Pelayo,,,,,,,,,
UNIVERSIDADES_PUBLICAS_NO_PRESENCIALES,urn:sdmx:org.sdmx.infomodel.codelist.Code=ISTAC:CL_RUCT_UNIVERSIDADES(01.000).UNIVERSIDADES_PUBLICAS,urn:sdmx:org.sdmx.infomodel.codelist.Code=ISTAC:CL_RUCT_UNIVERSIDADES(01.000).UNIVERSIDADES_PUBLICAS_NO_PRESENCIALES,Universidades Públicas No Presenciales,,,,,,,,,
028,urn:sdmx:org.sdmx.infomodel.codelist.Code=ISTAC:CL_RUCT_UNIVERSIDADES(01.000).UNIVERSIDADES_PUBLICAS_NO_PRESENCIALES,urn:sdmx:org.sdmx.infomodel.codelist.Code=ISTAC:CL_RUCT_UNIVERSIDADES(01.000).028,Universidad Nacional de Educación a Distancia,,,,,,,,,
UNIVERSIDADES_PRIVADAS,,urn:sdmx:org.sdmx.infomodel.codelist.Code=ISTAC:CL_RUCT_UNIVERSIDADES(01.000).UNIVERSIDADES_PRIVADAS,Universidades Privadas,,,,,,,,,
UNIVERSIDADES_PRIVADAS_PRESENCIALES,urn:sdmx:org.sdmx.infomodel.codelist.Code=ISTAC:CL_RUCT_UNIVERSIDADES(01.000).UNIVERSIDADES_PRIVADAS,urn:sdmx:org.sdmx.infomodel.codelist.Code=ISTAC:CL_RUCT_UNIVERSIDADES(01.000).UNIVERSIDADES_PRIVADAS_PRESENCIALES,Universidades Privadas Presenciales,,,,,,,,,
030,urn:sdmx:org.sdmx.infomodel.codelist.Code=ISTAC:CL_RUCT_UNIVERSIDADES(01.000).UNIVERSIDADES_PRIVADAS_PRESENCIALES,urn:sdmx:org.sdmx.infomodel.codelist.Code=ISTAC:CL_RUCT_UNIVERSIDADES(01.000).030,Universidad de Deusto,,,,,,,,,
031,urn:sdmx:org.sdmx.infomodel.codelist.Code=ISTAC:CL_RUCT_UNIVERSIDADES(01.000).UNIVERSIDADES_PRIVADAS_PRESENCIALES,urn:sdmx:org.sdmx.infomodel.codelist.Code=ISTAC:CL_RUCT_UNIVERSIDADES(01.000).031,Universidad de Navarra,,,,,,,,,
032,urn:sdmx:org.sdmx.infomodel.codelist.Code=ISTAC:CL_RUCT_UNIVERSIDADES(01.000).UNIVERSIDADES_PRIVADAS_PRESENCIALES,urn:sdmx:org.sdmx.infomodel.codelist.Code=ISTAC:CL_RUCT_UNIVERSIDADES(01.000).032,Universidad Pontificia de Salamanca,,,,,,,,,
033,urn:sdmx:org.sdmx.infomodel.codelist.Code=ISTAC:CL_RUCT_UNIVERSIDADES(01.000).UNIVERSIDADES_PRIVADAS_PRESENCIALES,urn:sdmx:org.sdmx.infomodel.codelist.Code=ISTAC:CL_RUCT_UNIVERSIDADES(01.000).033,Universidad Pontificia Comillas,,,,,,,,,
041,urn:sdmx:org.sdmx.infomodel.codelist.Code=ISTAC:CL_RUCT_UNIVERSIDADES(01.000).UNIVERSIDADES_PRIVADAS_PRESENCIALES,urn:sdmx:org.sdmx.infomodel.codelist.Code=ISTAC:CL_RUCT_UNIVERSIDADES(01.000).041,Universidad Ramon Llull ,,,,,,,,,
046,urn:sdmx:org.sdmx.infomodel.codelist.Code=ISTAC:CL_RUCT_UNIVERSIDADES(01.000).UNIVERSIDADES_PRIVADAS_PRESENCIALES,urn:sdmx:org.sdmx.infomodel.codelist.Code=ISTAC:CL_RUCT_UNIVERSIDADES(01.000).046,Universidad San Pablo-CEU,,,,,,,,,
047,urn:sdmx:org.sdmx.infomodel.codelist.Code=ISTAC:CL_RUCT_UNIVERSIDADES(01.000).UNIVERSIDADES_PRIVADAS_PRESENCIALES,urn:sdmx:org.sdmx.infomodel.codelist.Code=ISTAC:CL_RUCT_UNIVERSIDADES(01.000).047,Universidad Alfonso X El Sabio,,,,,,,,,
052,urn:sdmx:org.sdmx.infomodel.codelist.Code=ISTAC:CL_RUCT_UNIVERSIDADES(01.000).UNIVERSIDADES_PRIVADAS_PRESENCIALES,urn:sdmx:org.sdmx.infomodel.codelist.Code=ISTAC:CL_RUCT_UNIVERSIDADES(01.000).052,Universidad Antonio de Nebrija,,,,,,,,,
053,urn:sdmx:org.sdmx.infomodel.codelist.Code=ISTAC:CL_RUCT_UNIVERSIDADES(01.000).UNIVERSIDADES_PRIVADAS_PRESENCIALES,urn:sdmx:org.sdmx.infomodel.codelist.Code=ISTAC:CL_RUCT_UNIVERSIDADES(01.000).053,Universidad Europea de Madrid,,,,,,,,,
057,urn:sdmx:org.sdmx.infomodel.codelist.Code=ISTAC:CL_RUCT_UNIVERSIDADES(01.000).UNIVERSIDADES_PRIVADAS_PRESENCIALES,urn:sdmx:org.sdmx.infomodel.codelist.Code=ISTAC:CL_RUCT_UNIVERSIDADES(01.000).057,IE Universidad,,,,,,,,,
059,urn:sdmx:org.sdmx.infomodel.codelist.Code=ISTAC:CL_RUCT_UNIVERSIDADES(01.000).UNIVERSIDADES_PRIVADAS_PRESENCIALES,urn:sdmx:org.sdmx.infomodel.codelist.Code=ISTAC:CL_RUCT_UNIVERSIDADES(01.000).059,Universidad Católica Santa Teresa de Jesús de Avila,,,,,,,,,
060,urn:sdmx:org.sdmx.infomodel.codelist.Code=ISTAC:CL_RUCT_UNIVERSIDADES(01.000).UNIVERSIDADES_PRIVADAS_PRESENCIALES,urn:sdmx:org.sdmx.infomodel.codelist.Code=ISTAC:CL_RUCT_UNIVERSIDADES(01.000).060,Universidad de Vic-Universidad Central de Cataluña,,,,,,,,,
061,urn:sdmx:org.sdmx.infomodel.codelist.Code=ISTAC:CL_RUCT_UNIVERSIDADES(01.000).UNIVERSIDADES_PRIVADAS_PRESENCIALES,urn:sdmx:org.sdmx.infomodel.codelist.Code=ISTAC:CL_RUCT_UNIVERSIDADES(01.000).061,Mondragon Unibertsitatea,,,,,,,,,
062,urn:sdmx:org.sdmx.infomodel.codelist.Code=ISTAC:CL_RUCT_UNIVERSIDADES(01.000).UNIVERSIDADES_PRIVADAS_PRESENCIALES,urn:sdmx:org.sdmx.infomodel.codelist.Code=ISTAC:CL_RUCT_UNIVERSIDADES(01.000).062,Universidad Internacional de Catalunya,,,,,,,,,
065,urn:sdmx:org.sdmx.infomodel.codelist.Code=ISTAC:CL_RUCT_UNIVERSIDADES(01.000).UNIVERSIDADES_PRIVADAS_PRESENCIALES,urn:sdmx:org.sdmx.infomodel.codelist.Code=ISTAC:CL_RUCT_UNIVERSIDADES(01.000).065,Universidad Camilo José Cela,,,,,,,,,
066,urn:sdmx:org.sdmx.infomodel.codelist.Code=ISTAC:CL_RUCT_UNIVERSIDADES(01.000).UNIVERSIDADES_PRIVADAS_PRESENCIALES,urn:sdmx:org.sdmx.infomodel.codelist.Code=ISTAC:CL_RUCT_UNIVERSIDADES(01.000).066,Universidad Católica San Antonio,,,,,,,,,
067,urn:sdmx:org.sdmx.infomodel.codelist.Code=ISTAC:CL_RUCT_UNIVERSIDADES(01.000).UNIVERSIDADES_PRIVADAS_PRESENCIALES,urn:sdmx:org.sdmx.infomodel.codelist.Code=ISTAC:CL_RUCT_UNIVERSIDADES(01.000).067,Universidad Cardenal Herrera-CEU,,,,,,,,,
068,urn:sdmx:org.sdmx.infomodel.codelist.Code=ISTAC:CL_RUCT_UNIVERSIDADES(01.000).UNIVERSIDADES_PRIVADAS_PRESENCIALES,urn:sdmx:org.sdmx.infomodel.codelist.Code=ISTAC:CL_RUCT_UNIVERSIDADES(01.000).068,Universidad Francisco de Vitoria,,,,,,,,,
069,urn:sdmx:org.sdmx.infomodel.codelist.Code=ISTAC:CL_RUCT_UNIVERSIDADES(01.000).UNIVERSIDADES_PRIVADAS_PRESENCIALES,urn:sdmx:org.sdmx.infomodel.codelist.Code=ISTAC:CL_RUCT_UNIVERSIDADES(01.000).069,Universidad Europea Miguel de Cervantes,,,,,,,,,
070,urn:sdmx:org.sdmx.infomodel.codelist.Code=ISTAC:CL_RUCT_UNIVERSIDADES(01.000).UNIVERSIDADES_PRIVADAS_PRESENCIALES,urn:sdmx:org.sdmx.infomodel.codelist.Code=ISTAC:CL_RUCT_UNIVERSIDADES(01.000).070,Universitat Abat Oliba CEU,,,,,,,,,
072,urn:sdmx:org.sdmx.infomodel.codelist.Code=ISTAC:CL_RUCT_UNIVERSIDADES(01.000).UNIVERSIDADES_PRIVADAS_PRESENCIALES,urn:sdmx:org.sdmx.infomodel.codelist.Code=ISTAC:CL_RUCT_UNIVERSIDADES(01.000).072,Católica de Valencia San Vicente Mártir,,,,,,,,,
073,urn:sdmx:org.sdmx.infomodel.codelist.Code=ISTAC:CL_RUCT_UNIVERSIDADES(01.000).UNIVERSIDADES_PRIVADAS_PRESENCIALES,urn:sdmx:org.sdmx.infomodel.codelist.Code=ISTAC:CL_RUCT_UNIVERSIDADES(01.000).073,Universidad San Jorge,,,,,,,,,
079,urn:sdmx:org.sdmx.infomodel.codelist.Code=ISTAC:CL_RUCT_UNIVERSIDADES(01.000).UNIVERSIDADES_PRIVADAS_PRESENCIALES,urn:sdmx:org.sdmx.infomodel.codelist.Code=ISTAC:CL_RUCT_UNIVERSIDADES(01.000).079,Universidad Europea de Canarias,,,,,,,,,
081,urn:sdmx:org.sdmx.infomodel.codelist.Code=ISTAC:CL_RUCT_UNIVERSIDADES(01.000).UNIVERSIDADES_PRIVADAS_PRESENCIALES,urn:sdmx:org.sdmx.infomodel.codelist.Code=ISTAC:CL_RUCT_UNIVERSIDADES(01.000).081,Universidad Loyola Andalucía,,,,,,,,,
082,urn:sdmx:org.sdmx.infomodel.codelist.Code=ISTAC:CL_RUCT_UNIVERSIDADES(01.000).UNIVERSIDADES_PRIVADAS_PRESENCIALES,urn:sdmx:org.sdmx.infomodel.codelist.Code=ISTAC:CL_RUCT_UNIVERSIDADES(01.000).082,Universidad Europea de Valencia,,,,,,,,,
083,urn:sdmx:org.sdmx.infomodel.codelist.Code=ISTAC:CL_RUCT_UNIVERSIDADES(01.000).UNIVERSIDADES_PRIVADAS_PRESENCIALES,urn:sdmx:org.sdmx.infomodel.codelist.Code=ISTAC:CL_RUCT_UNIVERSIDADES(01.000).083,Universidad Europea del Atlántico,,,,,,,,,
084,urn:sdmx:org.sdmx.infomodel.codelist.Code=ISTAC:CL_RUCT_UNIVERSIDADES(01.000).UNIVERSIDADES_PRIVADAS_PRESENCIALES,urn:sdmx:org.sdmx.infomodel.codelist.Code=ISTAC:CL_RUCT_UNIVERSIDADES(01.000).084,Universidad Fernando Pessoa-Canarias (UFP-C),,,,,,,,,
085,urn:sdmx:org.sdmx.infomodel.codelist.Code=ISTAC:CL_RUCT_UNIVERSIDADES(01.000).UNIVERSIDADES_PRIVADAS_PRESENCIALES,urn:sdmx:org.sdmx.infomodel.codelist.Code=ISTAC:CL_RUCT_UNIVERSIDADES(01.000).085,Universidad del Atlántico Medio,,,,,,,,,
087,urn:sdmx:org.sdmx.infomodel.codelist.Code=ISTAC:CL_RUCT_UNIVERSIDADES(01.000).UNIVERSIDADES_PRIVADAS_PRESENCIALES,urn:sdmx:org.sdmx.infomodel.codelist.Code=ISTAC:CL_RUCT_UNIVERSIDADES(01.000).087,ESIC Universidad ,,,,,,,,,
088,urn:sdmx:org.sdmx.infomodel.codelist.Code=ISTAC:CL_RUCT_UNIVERSIDADES(01.000).UNIVERSIDADES_PRIVADAS_PRESENCIALES,urn:sdmx:org.sdmx.infomodel.codelist.Code=ISTAC:CL_RUCT_UNIVERSIDADES(01.000).088,Universidad Internacional Villanueva,,,,,,,,,
089,urn:sdmx:org.sdmx.infomodel.codelist.Code=ISTAC:CL_RUCT_UNIVERSIDADES(01.000).UNIVERSIDADES_PRIVADAS_PRESENCIALES,urn:sdmx:org.sdmx.infomodel.codelist.Code=ISTAC:CL_RUCT_UNIVERSIDADES(01.000).089,CUNEF Universidad ,,,,,,,,,
094,urn:sdmx:org.sdmx.infomodel.codelist.Code=ISTAC:CL_RUCT_UNIVERSIDADES(01.000).UNIVERSIDADES_PRIVADAS_PRESENCIALES,urn:sdmx:org.sdmx.infomodel.codelist.Code=ISTAC:CL_RUCT_UNIVERSIDADES(01.000).094,Universidad Internacional de la Empresa  ,,,,,,,,,
097,urn:sdmx:org.sdmx.infomodel.codelist.Code=ISTAC:CL_RUCT_UNIVERSIDADES(01.000).UNIVERSIDADES_PRIVADAS_PRESENCIALES,urn:sdmx:org.sdmx.infomodel.codelist.Code=ISTAC:CL_RUCT_UNIVERSIDADES(01.000).097,Universidad Intercontinental de la Empresa  ,,,,,,,,,
098,urn:sdmx:org.sdmx.infomodel.codelist.Code=ISTAC:CL_RUCT_UNIVERSIDADES(01.000).UNIVERSIDADES_PRIVADAS_PRESENCIALES,urn:sdmx:org.sdmx.infomodel.codelist.Code=ISTAC:CL_RUCT_UNIVERSIDADES(01.000).098,Universidad Euneiz  ,,,,,,,,,
100,urn:sdmx:org.sdmx.infomodel.codelist.Code=ISTAC:CL_RUCT_UNIVERSIDADES(01.000).UNIVERSIDADES_PRIVADAS_PRESENCIALES,urn:sdmx:org.sdmx.infomodel.codelist.Code=ISTAC:CL_RUCT_UNIVERSIDADES(01.000).100,"Universidad de Diseño, Innovación y Tecnología (UDIT)  ",,,,,,,,,
UNIVERSIDADES_PRIVADAS_NO_PRESENCIALES,urn:sdmx:org.sdmx.infomodel.codelist.Code=ISTAC:CL_RUCT_UNIVERSIDADES(01.000).UNIVERSIDADES_PRIVADAS,urn:sdmx:org.sdmx.infomodel.codelist.Code=ISTAC:CL_RUCT_UNIVERSIDADES(01.000).UNIVERSIDADES_PRIVADAS_NO_PRESENCIALES,Universidades Privadas No Presenciales,,,,,,,,,
054,urn:sdmx:org.sdmx.infomodel.codelist.Code=ISTAC:CL_RUCT_UNIVERSIDADES(01.000).UNIVERSIDADES_PRIVADAS_NO_PRESENCIALES,urn:sdmx:org.sdmx.infomodel.codelist.Code=ISTAC:CL_RUCT_UNIVERSIDADES(01.000).054,Universitat Oberta de Catalunya<br />,,,,,,,,,
074,urn:sdmx:org.sdmx.infomodel.codelist.Code=ISTAC:CL_RUCT_UNIVERSIDADES(01.000).UNIVERSIDADES_PRIVADAS_NO_PRESENCIALES,urn:sdmx:org.sdmx.infomodel.codelist.Code=ISTAC:CL_RUCT_UNIVERSIDADES(01.000).074,Universidad a Distancia de Madrid,,,,,,,,,
076,urn:sdmx:org.sdmx.infomodel.codelist.Code=ISTAC:CL_RUCT_UNIVERSIDADES(01.000).UNIVERSIDADES_PRIVADAS_NO_PRESENCIALES,urn:sdmx:org.sdmx.infomodel.codelist.Code=ISTAC:CL_RUCT_UNIVERSIDADES(01.000).076,Universitat Internacional Valenciana<br />,,,,,,,,,
077,urn:sdmx:org.sdmx.infomodel.codelist.Code=ISTAC:CL_RUCT_UNIVERSIDADES(01.000).UNIVERSIDADES_PRIVADAS_NO_PRESENCIALES,urn:sdmx:org.sdmx.infomodel.codelist.Code=ISTAC:CL_RUCT_UNIVERSIDADES(01.000).077,Universidad Internacional de la Rioja,,,,,,,,,
080,urn:sdmx:org.sdmx.infomodel.codelist.Code=ISTAC:CL_RUCT_UNIVERSIDADES(01.000).UNIVERSIDADES_PRIVADAS_NO_PRESENCIALES,urn:sdmx:org.sdmx.infomodel.codelist.Code=ISTAC:CL_RUCT_UNIVERSIDADES(01.000).080,Internacional Isabel I de Castilla,,,,,,,,,
090,urn:sdmx:org.sdmx.infomodel.codelist.Code=ISTAC:CL_RUCT_UNIVERSIDADES(01.000).UNIVERSIDADES_PRIVADAS_NO_PRESENCIALES,urn:sdmx:org.sdmx.infomodel.codelist.Code=ISTAC:CL_RUCT_UNIVERSIDADES(01.000).090,Universidad de las Hespérides,,,,,,,,,
_O,,urn:sdmx:org.sdmx.infomodel.codelist.Code=ISTAC:CL_RUCT_UNIVERSIDADES(01.000)._O,Otros,Other,,,,"Usado para identificar información residual no contenida en otras categorías de la clasificación (en algunos contextos, por ejemplo, en las clasificaciones, se hace referencia a estos datos como no especificados en otra parte, no clasificados en otra parte, etc.)",,,,
_N,,urn:sdmx:org.sdmx.infomodel.codelist.Code=ISTAC:CL_RUCT_UNIVERSIDADES(01.000)._N,No sabe/No contesta,Non response,,,,Fallo al obtener la medida en una o más variables de estudio para uno o más elementos de una encuesta.,,,,
_U,,urn:sdmx:org.sdmx.infomodel.codelist.Code=ISTAC:CL_RUCT_UNIVERSIDADES(01.000)._U,No consta,No data/unknown,,,,"Fallo al obtener un dato (por ejemplo: sin respuesta, dato no disponible, información desconocida por el encuestado, etc.)",,,,
_X,,urn:sdmx:org.sdmx.infomodel.codelist.Code=ISTAC:CL_RUCT_UNIVERSIDADES(01.000)._X,No clasificable,Not allocated/unspecified,,,,"Se usa cuando el valor de una variable cae por debajo del rango esperado. Por ejemplo, se podría usar para un dato del que no se tiene suficiente información y no se le puede asignar una clasificación.",,,,
_Z,,urn:sdmx:org.sdmx.infomodel.codelist.Code=ISTAC:CL_RUCT_UNIVERSIDADES(01.000)._Z,No aplicable,Not applicable,,,,"Se usa en los casos en los que la codificación de un concepto es técnicamente requerida (dimensión o atributo obligatorio), pero no tiene significado estadístico para una serie u observación específica.",,,,
